id,project,title,source,published_on,created_by,modified_by
1,project.Project.1,Sakarapur reels from diarrhoea; health officials suspect cholera,ekantipur,2017-10-09,user.User.1,user.User.1
2,project.Project.1,Asia Region - Aid in Danger,AiD,2017-10-05,user.User.1,user.User.1
3,project.Project.1,Test Lead 1,Unknown,2017-06-03,user.User.1,user.User.1
4,project.Project.1,Test Lead 2,Unknown,2017-06-03,user.User.1,user.User.1
5,project.Project.1,Test Lead 3,Unknown,2017-06-03,user.User.1,user.User.1
6,project.Project.1,Test Lead 4,Unknown,2017-06-03,user.User.1,user.User.1
7,project.Project.1,Test Lead 5,Unknown,2017-06-03,user.User.1,user.User.1
8,project.Project.1,Test Lead 6,Unknown,2017-06-03,user.User.1,user.User.1
9,project.Project.1,Test Lead 7,Unknown,2017-06-03,user.User.1,user.User.1
10,project.Project.1,Test Lead 8,Unknown,2017-06-03,user.User.1,user.User.1
11,project.Project.1,Test Lead 9,Unknown,2017-06-03,user.User.1,user.User.1
12,project.Project.1,Test Lead 10,Unknown,2017-06-03,user.User.1,user.User.1
13,project.Project.1,Test Lead 11,Unknown,2017-06-03,user.User.1,user.User.1
14,project.Project.1,Test Lead 12,Unknown,2017-06-03,user.User.1,user.User.1
15,project.Project.1,Test Lead 13,Unknown,2017-06-03,user.User.1,user.User.1
16,project.Project.1,Test Lead 14,Unknown,2017-06-03,user.User.1,user.User.1
17,project.Project.1,Test Lead 15,Unknown,2017-06-03,user.User.1,user.User.1
18,project.Project.1,Test Lead 16,Unknown,2017-06-03,user.User.1,user.User.1
19,project.Project.1,Test Lead 17,Unknown,2017-06-03,user.User.1,user.User.1
20,project.Project.1,Test Lead 18,Unknown,2017-06-03,user.User.1,user.User.1
21,project.Project.1,Test Lead 19,Unknown,2017-06-03,user.User.1,user.User.1
22,project.Project.1,Test Lead 20,Unknown,2017-06-03,user.User.1,user.User.1
23,project.Project.1,WFP Country Brief,WFP,2017-09-28,user.User.1,user.User.1
24,project.Project.1,Food Secuirty Outlook,NFSMS,2017-09-28,user.User.1,user.User.1
26,project.Project.2,Test Lead 1,Unknown,2017-06-03,user.User.1,user.User.1
27,project.Project.2,Test Lead 2,Unknown,2017-06-03,user.User.1,user.User.1
28,project.Project.2,Test Lead 3,Unknown,2017-06-03,user.User.1,user.User.1
29,project.Project.2,Test Lead 4,Unknown,2017-06-03,user.User.1,user.User.1
30,project.Project.2,Test Lead 5,Unknown,2017-06-03,user.User.1,user.User.1
